{
  "credit_score": {
    "mean": 651.647625,
    "std": 96.36620005179942,
    "min": 350.0,
    "max": 850.0,
    "p5": 491.0,
    "p95": 812.0
  },
  "age": {
    "mean": 38.89775,
    "std": 10.518953179119016,
    "min": 18.0,
    "max": 92.0,
    "p5": 25.0,
    "p95": 60.0
  },
  "tenure": {
    "mean": 5.003875,
    "std": 2.8818220098814367,
    "min": 0.0,
    "max": 10.0,
    "p5": 1.0,
    "p95": 9.0
  },
  "balance": {
    "mean": 76102.13964500002,
    "std": 62461.00575685653,
    "min": 0.0,
    "max": 250898.09,
    "p5": 0.0,
    "p95": 162701.685
  },
  "products_number": {
    "mean": 1.531375,
    "std": 0.579704766736545,
    "min": 1.0,
    "max": 4.0,
    "p5": 1.0,
    "p95": 2.0
  },
  "estimated_salary": {
    "mean": 100431.28976375,
    "std": 57518.92043148016,
    "min": 90.07,
    "max": 199970.74,
    "p5": 9795.404000000002,
    "p95": 190351.32449999996
  }
}