{"credit_score": {"mean": 651.647625, "std": 96.36620005179942}, "age": {"mean": 38.89775, "std": 10.518953179119016}, "tenure": {"mean": 5.003875, "std": 2.8818220098814367}, "balance": {"mean": 76102.13964500002, "std": 62461.00575685653}, "products_number": {"mean": 1.531375, "std": 0.579704766736545}, "estimated_salary": {"mean": 100431.28976375, "std": 57518.92043148016}}